{"ABeeZee":{"variants":["regular","italic"]},"Abel":{"variants":["regular"]},"Abhaya Libre":{"variants":["regular","500","600","700","800"]},"Abril Fatface":{"variants":["regular"]},"Aclonica":{"variants":["regular"]},"Acme":{"variants":["regular"]},"Actor":{"variants":["regular"]},"Adamina":{"variants":["regular"]},"Advent Pro":{"variants":["100","200","300","regular","500","600","700"]},"Aguafina Script":{"variants":["regular"]},"Akronim":{"variants":["regular"]},"Aladin":{"variants":["regular"]},"Alata":{"variants":["regular"]},"Alatsi":{"variants":["regular"]},"Aldrich":{"variants":["regular"]},"Alef":{"variants":["regular","700"]},"Alegreya":{"variants":["regular","italic","500","500italic","700","700italic","800","800italic","900","900italic"]},"Alegreya SC":{"variants":["regular","italic","500","500italic","700","700italic","800","800italic","900","900italic"]},"Alegreya Sans":{"variants":["100","100italic","300","300italic","regular","italic","500","500italic","700","700italic","800","800italic","900","900italic"]},"Alegreya Sans SC":{"variants":["100","100italic","300","300italic","regular","italic","500","500italic","700","700italic","800","800italic","900","900italic"]},"Aleo":{"variants":["300","300italic","regular","italic","700","700italic"]},"Alex Brush":{"variants":["regular"]},"Alfa Slab One":{"variants":["regular"]},"Alice":{"variants":["regular"]},"Alike":{"variants":["regular"]},"Alike Angular":{"variants":["regular"]},"Allan":{"variants":["regular","700"]},"Allerta":{"variants":["regular"]},"Allerta Stencil":{"variants":["regular"]},"Allura":{"variants":["regular"]},"Almarai":{"variants":["300","regular","700","800"]},"Almendra":{"variants":["regular","italic","700","700italic"]},"Almendra Display":{"variants":["regular"]},"Almendra SC":{"variants":["regular"]},"Amarante":{"variants":["regular"]},"Amaranth":{"variants":["regular","italic","700","700italic"]},"Amatic SC":{"variants":["regular","700"]},"Amethysta":{"variants":["regular"]},"Amiko":{"variants":["regular","600","700"]},"Amiri":{"variants":["regular","italic","700","700italic"]},"Amita":{"variants":["regular","700"]},"Anaheim":{"variants":["regular"]},"Andada":{"variants":["regular"]},"Andika":{"variants":["regular"]},"Angkor":{"variants":["regular"]},"Annie Use Your Telescope":{"variants":["regular"]},"Anonymous Pro":{"variants":["regular","italic","700","700italic"]},"Antic":{"variants":["regular"]},"Antic Didone":{"variants":["regular"]},"Antic Slab":{"variants":["regular"]},"Anton":{"variants":["regular"]},"Arapey":{"variants":["regular","italic"]},"Arbutus":{"variants":["regular"]},"Arbutus Slab":{"variants":["regular"]},"Architects Daughter":{"variants":["regular"]},"Archivo":{"variants":["regular","italic","500","500italic","600","600italic","700","700italic"]},"Archivo Black":{"variants":["regular"]},"Archivo Narrow":{"variants":["regular","italic","500","500italic","600","600italic","700","700italic"]},"Aref Ruqaa":{"variants":["regular","700"]},"Arima Madurai":{"variants":["100","200","300","regular","500","700","800","900"]},"Arimo":{"variants":["regular","italic","700","700italic"]},"Arizonia":{"variants":["regular"]},"Armata":{"variants":["regular"]},"Arsenal":{"variants":["regular","italic","700","700italic"]},"Artifika":{"variants":["regular"]},"Arvo":{"variants":["regular","italic","700","700italic"]},"Arya":{"variants":["regular","700"]},"Asap":{"variants":["regular","italic","500","500italic","600","600italic","700","700italic"]},"Asap Condensed":{"variants":["regular","italic","500","500italic","600","600italic","700","700italic"]},"Asar":{"variants":["regular"]},"Asset":{"variants":["regular"]},"Assistant":{"variants":["200","300","regular","600","700","800"]},"Astloch":{"variants":["regular","700"]},"Asul":{"variants":["regular","700"]},"Athiti":{"variants":["200","300","regular","500","600","700"]},"Atma":{"variants":["300","regular","500","600","700"]},"Atomic Age":{"variants":["regular"]},"Aubrey":{"variants":["regular"]},"Audiowide":{"variants":["regular"]},"Autour One":{"variants":["regular"]},"Average":{"variants":["regular"]},"Average Sans":{"variants":["regular"]},"Averia Gruesa Libre":{"variants":["regular"]},"Averia Libre":{"variants":["300","300italic","regular","italic","700","700italic"]},"Averia Sans Libre":{"variants":["300","300italic","regular","italic","700","700italic"]},"Averia Serif Libre":{"variants":["300","300italic","regular","italic","700","700italic"]},"B612":{"variants":["regular","italic","700","700italic"]},"B612 Mono":{"variants":["regular","italic","700","700italic"]},"Bad Script":{"variants":["regular"]},"Bahiana":{"variants":["regular"]},"Bahianita":{"variants":["regular"]},"Bai Jamjuree":{"variants":["200","200italic","300","300italic","regular","italic","500","500italic","600","600italic","700","700italic"]},"Baloo":{"variants":["regular"]},"Baloo Bhai":{"variants":["regular"]},"Baloo Bhaijaan":{"variants":["regular"]},"Baloo Bhaina":{"variants":["regular"]},"Baloo Chettan":{"variants":["regular"]},"Baloo Da":{"variants":["regular"]},"Baloo Paaji":{"variants":["regular"]},"Baloo Tamma":{"variants":["regular"]},"Baloo Tammudu":{"variants":["regular"]},"Baloo Thambi":{"variants":["regular"]},"Balthazar":{"variants":["regular"]},"Bangers":{"variants":["regular"]},"Barlow":{"variants":["100","100italic","200","200italic","300","300italic","regular","italic","500","500italic","600","600italic","700","700italic","800","800italic","900","900italic"]},"Barlow Condensed":{"variants":["100","100italic","200","200italic","300","300italic","regular","italic","500","500italic","600","600italic","700","700italic","800","800italic","900","900italic"]},"Barlow Semi Condensed":{"variants":["100","100italic","200","200italic","300","300italic","regular","italic","500","500italic","600","600italic","700","700italic","800","800italic","900","900italic"]},"Barriecito":{"variants":["regular"]},"Barrio":{"variants":["regular"]},"Basic":{"variants":["regular"]},"Baskervville":{"variants":["regular","italic"]},"Battambang":{"variants":["regular","700"]},"Baumans":{"variants":["regular"]},"Bayon":{"variants":["regular"]},"Be Vietnam":{"variants":["100","100italic","300","300italic","regular","italic","500","500italic","600","600italic","700","700italic","800","800italic"]},"Bebas Neue":{"variants":["regular"]},"Belgrano":{"variants":["regular"]},"Bellefair":{"variants":["regular"]},"Belleza":{"variants":["regular"]},"BenchNine":{"variants":["300","regular","700"]},"Bentham":{"variants":["regular"]},"Berkshire Swash":{"variants":["regular"]},"Beth Ellen":{"variants":["regular"]},"Bevan":{"variants":["regular"]},"Big Shoulders Display":{"variants":["100","300","regular","500","600","700","800","900"]},"Big Shoulders Text":{"variants":["100","300","regular","500","600","700","800","900"]},"Bigelow Rules":{"variants":["regular"]},"Bigshot One":{"variants":["regular"]},"Bilbo":{"variants":["regular"]},"Bilbo Swash Caps":{"variants":["regular"]},"BioRhyme":{"variants":["200","300","regular","700","800"]},"BioRhyme Expanded":{"variants":["200","300","regular","700","800"]},"Biryani":{"variants":["200","300","regular","600","700","800","900"]},"Bitter":{"variants":["regular","italic","700"]},"Black And White Picture":{"variants":["regular"]},"Black Han Sans":{"variants":["regular"]},"Black Ops One":{"variants":["regular"]},"Blinker":{"variants":["100","200","300","regular","600","700","800","900"]},"Bokor":{"variants":["regular"]},"Bonbon":{"variants":["regular"]},"Boogaloo":{"variants":["regular"]},"Bowlby One":{"variants":["regular"]},"Bowlby One SC":{"variants":["regular"]},"Brawler":{"variants":["regular"]},"Bree Serif":{"variants":["regular"]},"Bubblegum Sans":{"variants":["regular"]},"Bubbler One":{"variants":["regular"]},"Buda":{"variants":["300"]},"Buenard":{"variants":["regular","700"]},"Bungee":{"variants":["regular"]},"Bungee Hairline":{"variants":["regular"]},"Bungee Inline":{"variants":["regular"]},"Bungee Outline":{"variants":["regular"]},"Bungee Shade":{"variants":["regular"]},"Butcherman":{"variants":["regular"]},"Butterfly Kids":{"variants":["regular"]},"Cabin":{"variants":["regular","italic","500","500italic","600","600italic","700","700italic"]},"Cabin Condensed":{"variants":["regular","500","600","700"]},"Cabin Sketch":{"variants":["regular","700"]},"Caesar Dressing":{"variants":["regular"]},"Cagliostro":{"variants":["regular"]},"Cairo":{"variants":["200","300","regular","600","700","900"]},"Calistoga":{"variants":["regular"]},"Calligraffitti":{"variants":["regular"]},"Cambay":{"variants":["regular","italic","700","700italic"]},"Cambo":{"variants":["regular"]},"Candal":{"variants":["regular"]},"Cantarell":{"variants":["regular","italic","700","700italic"]},"Cantata One":{"variants":["regular"]},"Cantora One":{"variants":["regular"]},"Capriola":{"variants":["regular"]},"Cardo":{"variants":["regular","italic","700"]},"Carme":{"variants":["regular"]},"Carrois Gothic":{"variants":["regular"]},"Carrois Gothic SC":{"variants":["regular"]},"Carter One":{"variants":["regular"]},"Catamaran":{"variants":["100","200","300","regular","500","600","700","800","900"]},"Caudex":{"variants":["regular","italic","700","700italic"]},"Caveat":{"variants":["regular","700"]},"Caveat Brush":{"variants":["regular"]},"Cedarville Cursive":{"variants":["regular"]},"Ceviche One":{"variants":["regular"]},"Chakra Petch":{"variants":["300","300italic","regular","italic","500","500italic","600","600italic","700","700italic"]},"Changa":{"variants":["200","300","regular","500","600","700","800"]},"Changa One":{"variants":["regular","italic"]},"Chango":{"variants":["regular"]},"Charm":{"variants":["regular","700"]},"Charmonman":{"variants":["regular","700"]},"Chathura":{"variants":["100","300","regular","700","800"]},"Chau Philomene One":{"variants":["regular","italic"]},"Chela One":{"variants":["regular"]},"Chelsea Market":{"variants":["regular"]},"Chenla":{"variants":["regular"]},"Cherry Cream Soda":{"variants":["regular"]},"Cherry Swash":{"variants":["regular","700"]},"Chewy":{"variants":["regular"]},"Chicle":{"variants":["regular"]},"Chilanka":{"variants":["regular"]},"Chivo":{"variants":["300","300italic","regular","italic","700","700italic","900","900italic"]},"Chonburi":{"variants":["regular"]},"Cinzel":{"variants":["regular","700","900"]},"Cinzel Decorative":{"variants":["regular","700","900"]},"Clicker Script":{"variants":["regular"]},"Coda":{"variants":["regular","800"]},"Coda Caption":{"variants":["800"]},"Codystar":{"variants":["300","regular"]},"Coiny":{"variants":["regular"]},"Combo":{"variants":["regular"]},"Comfortaa":{"variants":["300","regular","500","600","700"]},"Coming Soon":{"variants":["regular"]},"Concert One":{"variants":["regular"]},"Condiment":{"variants":["regular"]},"Content":{"variants":["regular","700"]},"Contrail One":{"variants":["regular"]},"Convergence":{"variants":["regular"]},"Cookie":{"variants":["regular"]},"Copse":{"variants":["regular"]},"Corben":{"variants":["regular","700"]},"Cormorant":{"variants":["300","300italic","regular","italic","500","500italic","600","600italic","700","700italic"]},"Cormorant Garamond":{"variants":["300","300italic","regular","italic","500","500italic","600","600italic","700","700italic"]},"Cormorant Infant":{"variants":["300","300italic","regular","italic","500","500italic","600","600italic","700","700italic"]},"Cormorant SC":{"variants":["300","regular","500","600","700"]},"Cormorant Unicase":{"variants":["300","regular","500","600","700"]},"Cormorant Upright":{"variants":["300","regular","500","600","700"]},"Courgette":{"variants":["regular"]},"Courier Prime":{"variants":["regular","italic","700","700italic"]},"Cousine":{"variants":["regular","italic","700","700italic"]},"Coustard":{"variants":["regular","900"]},"Covered By Your Grace":{"variants":["regular"]},"Crafty Girls":{"variants":["regular"]},"Creepster":{"variants":["regular"]},"Crete Round":{"variants":["regular","italic"]},"Crimson Pro":{"variants":["200","300","regular","500","600","700","800","900","200italic","300italic","italic","500italic","600italic","700italic","800italic","900italic"]},"Crimson Text":{"variants":["regular","italic","600","600italic","700","700italic"]},"Croissant One":{"variants":["regular"]},"Crushed":{"variants":["regular"]},"Cuprum":{"variants":["regular","italic","700","700italic"]},"Cute Font":{"variants":["regular"]},"Cutive":{"variants":["regular"]},"Cutive Mono":{"variants":["regular"]},"DM Sans":{"variants":["regular","italic","500","500italic","700","700italic"]},"DM Serif Display":{"variants":["regular","italic"]},"DM Serif Text":{"variants":["regular","italic"]},"Damion":{"variants":["regular"]},"Dancing Script":{"variants":["regular","500","600","700"]},"Dangrek":{"variants":["regular"]},"Darker Grotesque":{"variants":["300","regular","500","600","700","800","900"]},"David Libre":{"variants":["regular","500","700"]},"Dawning of a New Day":{"variants":["regular"]},"Days One":{"variants":["regular"]},"Dekko":{"variants":["regular"]},"Delius":{"variants":["regular"]},"Delius Swash Caps":{"variants":["regular"]},"Delius Unicase":{"variants":["regular","700"]},"Della Respira":{"variants":["regular"]},"Denk One":{"variants":["regular"]},"Devonshire":{"variants":["regular"]},"Dhurjati":{"variants":["regular"]},"Didact Gothic":{"variants":["regular"]},"Diplomata":{"variants":["regular"]},"Diplomata SC":{"variants":["regular"]},"Do Hyeon":{"variants":["regular"]},"Dokdo":{"variants":["regular"]},"Domine":{"variants":["regular","700"]},"Donegal One":{"variants":["regular"]},"Doppio One":{"variants":["regular"]},"Dorsa":{"variants":["regular"]},"Dosis":{"variants":["200","300","regular","500","600","700","800"]},"Dr Sugiyama":{"variants":["regular"]},"Duru Sans":{"variants":["regular"]},"Dynalight":{"variants":["regular"]},"EB Garamond":{"variants":["regular","500","600","700","800","italic","500italic","600italic","700italic","800italic"]},"Eagle Lake":{"variants":["regular"]},"East Sea Dokdo":{"variants":["regular"]},"Eater":{"variants":["regular"]},"Economica":{"variants":["regular","italic","700","700italic"]},"Eczar":{"variants":["regular","500","600","700","800"]},"El Messiri":{"variants":["regular","500","600","700"]},"Electrolize":{"variants":["regular"]},"Elsie":{"variants":["regular","900"]},"Elsie Swash Caps":{"variants":["regular","900"]},"Emblema One":{"variants":["regular"]},"Emilys Candy":{"variants":["regular"]},"Encode Sans":{"variants":["100","200","300","regular","500","600","700","800","900"]},"Encode Sans Condensed":{"variants":["100","200","300","regular","500","600","700","800","900"]},"Encode Sans Expanded":{"variants":["100","200","300","regular","500","600","700","800","900"]},"Encode Sans Semi Condensed":{"variants":["100","200","300","regular","500","600","700","800","900"]},"Encode Sans Semi Expanded":{"variants":["100","200","300","regular","500","600","700","800","900"]},"Engagement":{"variants":["regular"]},"Englebert":{"variants":["regular"]},"Enriqueta":{"variants":["regular","500","600","700"]},"Erica One":{"variants":["regular"]},"Esteban":{"variants":["regular"]},"Euphoria Script":{"variants":["regular"]},"Ewert":{"variants":["regular"]},"Exo":{"variants":["100","100italic","200","200italic","300","300italic","regular","italic","500","500italic","600","600italic","700","700italic","800","800italic","900","900italic"]},"Exo 2":{"variants":["100","100italic","200","200italic","300","300italic","regular","italic","500","500italic","600","600italic","700","700italic","800","800italic","900","900italic"]},"Expletus Sans":{"variants":["regular","italic","500","500italic","600","600italic","700","700italic"]},"Fahkwang":{"variants":["200","200italic","300","300italic","regular","italic","500","500italic","600","600italic","700","700italic"]},"Fanwood Text":{"variants":["regular","italic"]},"Farro":{"variants":["300","regular","500","700"]},"Farsan":{"variants":["regular"]},"Fascinate":{"variants":["regular"]},"Fascinate Inline":{"variants":["regular"]},"Faster One":{"variants":["regular"]},"Fasthand":{"variants":["regular"]},"Fauna One":{"variants":["regular"]},"Faustina":{"variants":["regular","500","600","700","italic","500italic","600italic","700italic"]},"Federant":{"variants":["regular"]},"Federo":{"variants":["regular"]},"Felipa":{"variants":["regular"]},"Fenix":{"variants":["regular"]},"Finger Paint":{"variants":["regular"]},"Fira Code":{"variants":["300","regular","500","600","700"]},"Fira Mono":{"variants":["regular","500","700"]},"Fira Sans":{"variants":["100","100italic","200","200italic","300","300italic","regular","italic","500","500italic","600","600italic","700","700italic","800","800italic","900","900italic"]},"Fira Sans Condensed":{"variants":["100","100italic","200","200italic","300","300italic","regular","italic","500","500italic","600","600italic","700","700italic","800","800italic","900","900italic"]},"Fira Sans Extra Condensed":{"variants":["100","100italic","200","200italic","300","300italic","regular","italic","500","500italic","600","600italic","700","700italic","800","800italic","900","900italic"]},"Fjalla One":{"variants":["regular"]},"Fjord One":{"variants":["regular"]},"Flamenco":{"variants":["300","regular"]},"Flavors":{"variants":["regular"]},"Fondamento":{"variants":["regular","italic"]},"Fontdiner Swanky":{"variants":["regular"]},"Forum":{"variants":["regular"]},"Francois One":{"variants":["regular"]},"Frank Ruhl Libre":{"variants":["300","regular","500","700","900"]},"Freckle Face":{"variants":["regular"]},"Fredericka the Great":{"variants":["regular"]},"Fredoka One":{"variants":["regular"]},"Freehand":{"variants":["regular"]},"Fresca":{"variants":["regular"]},"Frijole":{"variants":["regular"]},"Fruktur":{"variants":["regular"]},"Fugaz One":{"variants":["regular"]},"GFS Didot":{"variants":["regular"]},"GFS Neohellenic":{"variants":["regular","italic","700","700italic"]},"Gabriela":{"variants":["regular"]},"Gaegu":{"variants":["300","regular","700"]},"Gafata":{"variants":["regular"]},"Galada":{"variants":["regular"]},"Galdeano":{"variants":["regular"]},"Galindo":{"variants":["regular"]},"Gamja Flower":{"variants":["regular"]},"Gayathri":{"variants":["100","regular","700"]},"Gelasio":{"variants":["regular","italic","500","500italic","600","600italic","700","700italic"]},"Gentium Basic":{"variants":["regular","italic","700","700italic"]},"Gentium Book Basic":{"variants":["regular","italic","700","700italic"]},"Geo":{"variants":["regular","italic"]},"Geostar":{"variants":["regular"]},"Geostar Fill":{"variants":["regular"]},"Germania One":{"variants":["regular"]},"Gidugu":{"variants":["regular"]},"Gilda Display":{"variants":["regular"]},"Girassol":{"variants":["regular"]},"Give You Glory":{"variants":["regular"]},"Glass Antiqua":{"variants":["regular"]},"Glegoo":{"variants":["regular","700"]},"Gloria Hallelujah":{"variants":["regular"]},"Goblin One":{"variants":["regular"]},"Gochi Hand":{"variants":["regular"]},"Gorditas":{"variants":["regular","700"]},"Gothic A1":{"variants":["100","200","300","regular","500","600","700","800","900"]},"Goudy Bookletter 1911":{"variants":["regular"]},"Graduate":{"variants":["regular"]},"Grand Hotel":{"variants":["regular"]},"Gravitas One":{"variants":["regular"]},"Great Vibes":{"variants":["regular"]},"Grenze":{"variants":["100","100italic","200","200italic","300","300italic","regular","italic","500","500italic","600","600italic","700","700italic","800","800italic","900","900italic"]},"Griffy":{"variants":["regular"]},"Gruppo":{"variants":["regular"]},"Gudea":{"variants":["regular","italic","700"]},"Gugi":{"variants":["regular"]},"Gupter":{"variants":["regular","500","700"]},"Gurajada":{"variants":["regular"]},"Habibi":{"variants":["regular"]},"Halant":{"variants":["300","regular","500","600","700"]},"Hammersmith One":{"variants":["regular"]},"Hanalei":{"variants":["regular"]},"Hanalei Fill":{"variants":["regular"]},"Handlee":{"variants":["regular"]},"Hanuman":{"variants":["regular","700"]},"Happy Monkey":{"variants":["regular"]},"Harmattan":{"variants":["regular"]},"Headland One":{"variants":["regular"]},"Heebo":{"variants":["100","300","regular","500","700","800","900"]},"Henny Penny":{"variants":["regular"]},"Hepta Slab":{"variants":["100","200","300","regular","500","600","700","800","900"]},"Herr Von Muellerhoff":{"variants":["regular"]},"Hi Melody":{"variants":["regular"]},"Hind":{"variants":["300","regular","500","600","700"]},"Hind Guntur":{"variants":["300","regular","500","600","700"]},"Hind Madurai":{"variants":["300","regular","500","600","700"]},"Hind Siliguri":{"variants":["300","regular","500","600","700"]},"Hind Vadodara":{"variants":["300","regular","500","600","700"]},"Holtwood One SC":{"variants":["regular"]},"Homemade Apple":{"variants":["regular"]},"Homenaje":{"variants":["regular"]},"IBM Plex Mono":{"variants":["100","100italic","200","200italic","300","300italic","regular","italic","500","500italic","600","600italic","700","700italic"]},"IBM Plex Sans":{"variants":["100","100italic","200","200italic","300","300italic","regular","italic","500","500italic","600","600italic","700","700italic"]},"IBM Plex Sans Condensed":{"variants":["100","100italic","200","200italic","300","300italic","regular","italic","500","500italic","600","600italic","700","700italic"]},"IBM Plex Serif":{"variants":["100","100italic","200","200italic","300","300italic","regular","italic","500","500italic","600","600italic","700","700italic"]},"IM Fell DW Pica":{"variants":["regular","italic"]},"IM Fell DW Pica SC":{"variants":["regular"]},"IM Fell Double Pica":{"variants":["regular","italic"]},"IM Fell Double Pica SC":{"variants":["regular"]},"IM Fell English":{"variants":["regular","italic"]},"IM Fell English SC":{"variants":["regular"]},"IM Fell French Canon":{"variants":["regular","italic"]},"IM Fell French Canon SC":{"variants":["regular"]},"IM Fell Great Primer":{"variants":["regular","italic"]},"IM Fell Great Primer SC":{"variants":["regular"]},"Ibarra Real Nova":{"variants":["regular","italic","600","600italic","700","700italic"]},"Iceberg":{"variants":["regular"]},"Iceland":{"variants":["regular"]},"Imprima":{"variants":["regular"]},"Inconsolata":{"variants":["regular","700"]},"Inder":{"variants":["regular"]},"Indie Flower":{"variants":["regular"]},"Inika":{"variants":["regular","700"]},"Inknut Antiqua":{"variants":["300","regular","500","600","700","800","900"]},"Inria Serif":{"variants":["300","300italic","regular","italic","700","700italic"]},"Irish Grover":{"variants":["regular"]},"Istok Web":{"variants":["regular","italic","700","700italic"]},"Italiana":{"variants":["regular"]},"Italianno":{"variants":["regular"]},"Itim":{"variants":["regular"]},"Jacques Francois":{"variants":["regular"]},"Jacques Francois Shadow":{"variants":["regular"]},"Jaldi":{"variants":["regular","700"]},"Jim Nightshade":{"variants":["regular"]},"Jockey One":{"variants":["regular"]},"Jolly Lodger":{"variants":["regular"]},"Jomhuria":{"variants":["regular"]},"Jomolhari":{"variants":["regular"]},"Josefin Sans":{"variants":["100","100italic","300","300italic","regular","italic","600","600italic","700","700italic"]},"Josefin Slab":{"variants":["100","100italic","300","300italic","regular","italic","600","600italic","700","700italic"]},"Joti One":{"variants":["regular"]},"Jua":{"variants":["regular"]},"Judson":{"variants":["regular","italic","700"]},"Julee":{"variants":["regular"]},"Julius Sans One":{"variants":["regular"]},"Junge":{"variants":["regular"]},"Jura":{"variants":["300","regular","500","600","700"]},"Just Another Hand":{"variants":["regular"]},"Just Me Again Down Here":{"variants":["regular"]},"K2D":{"variants":["100","100italic","200","200italic","300","300italic","regular","italic","500","500italic","600","600italic","700","700italic","800","800italic"]},"Kadwa":{"variants":["regular","700"]},"Kalam":{"variants":["300","regular","700"]},"Kameron":{"variants":["regular","700"]},"Kanit":{"variants":["100","100italic","200","200italic","300","300italic","regular","italic","500","500italic","600","600italic","700","700italic","800","800italic","900","900italic"]},"Kantumruy":{"variants":["300","regular","700"]},"Karla":{"variants":["regular","italic","700","700italic"]},"Karma":{"variants":["300","regular","500","600","700"]},"Katibeh":{"variants":["regular"]},"Kaushan Script":{"variants":["regular"]},"Kavivanar":{"variants":["regular"]},"Kavoon":{"variants":["regular"]},"Kdam Thmor":{"variants":["regular"]},"Keania One":{"variants":["regular"]},"Kelly Slab":{"variants":["regular"]},"Kenia":{"variants":["regular"]},"Khand":{"variants":["300","regular","500","600","700"]},"Khmer":{"variants":["regular"]},"Khula":{"variants":["300","regular","600","700","800"]},"Kirang Haerang":{"variants":["regular"]},"Kite One":{"variants":["regular"]},"Knewave":{"variants":["regular"]},"KoHo":{"variants":["200","200italic","300","300italic","regular","italic","500","500italic","600","600italic","700","700italic"]},"Kodchasan":{"variants":["200","200italic","300","300italic","regular","italic","500","500italic","600","600italic","700","700italic"]},"Kosugi":{"variants":["regular"]},"Kosugi Maru":{"variants":["regular"]},"Kotta One":{"variants":["regular"]},"Koulen":{"variants":["regular"]},"Kranky":{"variants":["regular"]},"Kreon":{"variants":["300","regular","500","600","700"]},"Kristi":{"variants":["regular"]},"Krona One":{"variants":["regular"]},"Krub":{"variants":["200","200italic","300","300italic","regular","italic","500","500italic","600","600italic","700","700italic"]},"Kulim Park":{"variants":["200","200italic","300","300italic","regular","italic","600","600italic","700","700italic"]},"Kumar One":{"variants":["regular"]},"Kumar One Outline":{"variants":["regular"]},"Kurale":{"variants":["regular"]},"La Belle Aurore":{"variants":["regular"]},"Lacquer":{"variants":["regular"]},"Laila":{"variants":["300","regular","500","600","700"]},"Lakki Reddy":{"variants":["regular"]},"Lalezar":{"variants":["regular"]},"Lancelot":{"variants":["regular"]},"Lateef":{"variants":["regular"]},"Lato":{"variants":["100","100italic","300","300italic","regular","italic","700","700italic","900","900italic"]},"League Script":{"variants":["regular"]},"Leckerli One":{"variants":["regular"]},"Ledger":{"variants":["regular"]},"Lekton":{"variants":["regular","italic","700"]},"Lemon":{"variants":["regular"]},"Lemonada":{"variants":["300","regular","500","600","700"]},"Lexend Deca":{"variants":["regular"]},"Lexend Exa":{"variants":["regular"]},"Lexend Giga":{"variants":["regular"]},"Lexend Mega":{"variants":["regular"]},"Lexend Peta":{"variants":["regular"]},"Lexend Tera":{"variants":["regular"]},"Lexend Zetta":{"variants":["regular"]},"Libre Barcode 128":{"variants":["regular"]},"Libre Barcode 128 Text":{"variants":["regular"]},"Libre Barcode 39":{"variants":["regular"]},"Libre Barcode 39 Extended":{"variants":["regular"]},"Libre Barcode 39 Extended Text":{"variants":["regular"]},"Libre Barcode 39 Text":{"variants":["regular"]},"Libre Baskerville":{"variants":["regular","italic","700"]},"Libre Caslon Display":{"variants":["regular"]},"Libre Caslon Text":{"variants":["regular","italic","700"]},"Libre Franklin":{"variants":["100","100italic","200","200italic","300","300italic","regular","italic","500","500italic","600","600italic","700","700italic","800","800italic","900","900italic"]},"Life Savers":{"variants":["regular","700","800"]},"Lilita One":{"variants":["regular"]},"Lily Script One":{"variants":["regular"]},"Limelight":{"variants":["regular"]},"Linden Hill":{"variants":["regular","italic"]},"Literata":{"variants":["regular","500","600","700","italic","500italic","600italic","700italic"]},"Liu Jian Mao Cao":{"variants":["regular"]},"Livvic":{"variants":["100","100italic","200","200italic","300","300italic","regular","italic","500","500italic","600","600italic","700","700italic","900","900italic"]},"Lobster":{"variants":["regular"]},"Lobster Two":{"variants":["regular","italic","700","700italic"]},"Londrina Outline":{"variants":["regular"]},"Londrina Shadow":{"variants":["regular"]},"Londrina Sketch":{"variants":["regular"]},"Londrina Solid":{"variants":["100","300","regular","900"]},"Long Cang":{"variants":["regular"]},"Lora":{"variants":["regular","italic","700","700italic"]},"Love Ya Like A Sister":{"variants":["regular"]},"Loved by the King":{"variants":["regular"]},"Lovers Quarrel":{"variants":["regular"]},"Luckiest Guy":{"variants":["regular"]},"Lusitana":{"variants":["regular","700"]},"Lustria":{"variants":["regular"]},"M PLUS 1p":{"variants":["100","300","regular","500","700","800","900"]},"M PLUS Rounded 1c":{"variants":["100","300","regular","500","700","800","900"]},"Ma Shan Zheng":{"variants":["regular"]},"Macondo":{"variants":["regular"]},"Macondo Swash Caps":{"variants":["regular"]},"Mada":{"variants":["200","300","regular","500","600","700","900"]},"Magra":{"variants":["regular","700"]},"Maiden Orange":{"variants":["regular"]},"Maitree":{"variants":["200","300","regular","500","600","700"]},"Major Mono Display":{"variants":["regular"]},"Mako":{"variants":["regular"]},"Mali":{"variants":["200","200italic","300","300italic","regular","italic","500","500italic","600","600italic","700","700italic"]},"Mallanna":{"variants":["regular"]},"Mandali":{"variants":["regular"]},"Manjari":{"variants":["100","regular","700"]},"Mansalva":{"variants":["regular"]},"Manuale":{"variants":["regular","500","600","700","italic","500italic","600italic","700italic"]},"Marcellus":{"variants":["regular"]},"Marcellus SC":{"variants":["regular"]},"Marck Script":{"variants":["regular"]},"Margarine":{"variants":["regular"]},"Markazi Text":{"variants":["regular","500","600","700"]},"Marko One":{"variants":["regular"]},"Marmelad":{"variants":["regular"]},"Martel":{"variants":["200","300","regular","600","700","800","900"]},"Martel Sans":{"variants":["200","300","regular","600","700","800","900"]},"Marvel":{"variants":["regular","italic","700","700italic"]},"Mate":{"variants":["regular","italic"]},"Mate SC":{"variants":["regular"]},"Maven Pro":{"variants":["regular","500","600","700","800","900"]},"McLaren":{"variants":["regular"]},"Meddon":{"variants":["regular"]},"MedievalSharp":{"variants":["regular"]},"Medula One":{"variants":["regular"]},"Meera Inimai":{"variants":["regular"]},"Megrim":{"variants":["regular"]},"Meie Script":{"variants":["regular"]},"Merienda":{"variants":["regular","700"]},"Merienda One":{"variants":["regular"]},"Merriweather":{"variants":["300","300italic","regular","italic","700","700italic","900","900italic"]},"Merriweather Sans":{"variants":["300","300italic","regular","italic","700","700italic","800","800italic"]},"Metal":{"variants":["regular"]},"Metal Mania":{"variants":["regular"]},"Metamorphous":{"variants":["regular"]},"Metrophobic":{"variants":["regular"]},"Michroma":{"variants":["regular"]},"Milonga":{"variants":["regular"]},"Miltonian":{"variants":["regular"]},"Miltonian Tattoo":{"variants":["regular"]},"Mina":{"variants":["regular","700"]},"Miniver":{"variants":["regular"]},"Miriam Libre":{"variants":["regular","700"]},"Mirza":{"variants":["regular","500","600","700"]},"Miss Fajardose":{"variants":["regular"]},"Mitr":{"variants":["200","300","regular","500","600","700"]},"Modak":{"variants":["regular"]},"Modern Antiqua":{"variants":["regular"]},"Mogra":{"variants":["regular"]},"Molengo":{"variants":["regular"]},"Molle":{"variants":["italic"]},"Monda":{"variants":["regular","700"]},"Monofett":{"variants":["regular"]},"Monoton":{"variants":["regular"]},"Monsieur La Doulaise":{"variants":["regular"]},"Montaga":{"variants":["regular"]},"Montez":{"variants":["regular"]},"Montserrat":{"variants":["100","100italic","200","200italic","300","300italic","regular","italic","500","500italic","600","600italic","700","700italic","800","800italic","900","900italic"]},"Montserrat Alternates":{"variants":["100","100italic","200","200italic","300","300italic","regular","italic","500","500italic","600","600italic","700","700italic","800","800italic","900","900italic"]},"Montserrat Subrayada":{"variants":["regular","700"]},"Moul":{"variants":["regular"]},"Moulpali":{"variants":["regular"]},"Mountains of Christmas":{"variants":["regular","700"]},"Mouse Memoirs":{"variants":["regular"]},"Mr Bedfort":{"variants":["regular"]},"Mr Dafoe":{"variants":["regular"]},"Mr De Haviland":{"variants":["regular"]},"Mrs Saint Delafield":{"variants":["regular"]},"Mrs Sheppards":{"variants":["regular"]},"Mukta":{"variants":["200","300","regular","500","600","700","800"]},"Mukta Mahee":{"variants":["200","300","regular","500","600","700","800"]},"Mukta Malar":{"variants":["200","300","regular","500","600","700","800"]},"Mukta Vaani":{"variants":["200","300","regular","500","600","700","800"]},"Muli":{"variants":["200","300","regular","500","600","700","800","900","200italic","300italic","italic","500italic","600italic","700italic","800italic","900italic"]},"Mystery Quest":{"variants":["regular"]},"NTR":{"variants":["regular"]},"Nanum Brush Script":{"variants":["regular"]},"Nanum Gothic":{"variants":["regular","700","800"]},"Nanum Gothic Coding":{"variants":["regular","700"]},"Nanum Myeongjo":{"variants":["regular","700","800"]},"Nanum Pen Script":{"variants":["regular"]},"Neucha":{"variants":["regular"]},"Neuton":{"variants":["200","300","regular","italic","700","800"]},"New Rocker":{"variants":["regular"]},"News Cycle":{"variants":["regular","700"]},"Niconne":{"variants":["regular"]},"Niramit":{"variants":["200","200italic","300","300italic","regular","italic","500","500italic","600","600italic","700","700italic"]},"Nixie One":{"variants":["regular"]},"Nobile":{"variants":["regular","italic","500","500italic","700","700italic"]},"Nokora":{"variants":["regular","700"]},"Norican":{"variants":["regular"]},"Nosifer":{"variants":["regular"]},"Notable":{"variants":["regular"]},"Nothing You Could Do":{"variants":["regular"]},"Noticia Text":{"variants":["regular","italic","700","700italic"]},"Noto Sans":{"variants":["regular","italic","700","700italic"]},"Noto Sans HK":{"variants":["100","300","regular","500","700","900"]},"Noto Sans JP":{"variants":["100","300","regular","500","700","900"]},"Noto Sans KR":{"variants":["100","300","regular","500","700","900"]},"Noto Sans SC":{"variants":["100","300","regular","500","700","900"]},"Noto Sans TC":{"variants":["100","300","regular","500","700","900"]},"Noto Serif":{"variants":["regular","italic","700","700italic"]},"Noto Serif JP":{"variants":["200","300","regular","500","600","700","900"]},"Noto Serif KR":{"variants":["200","300","regular","500","600","700","900"]},"Noto Serif SC":{"variants":["200","300","regular","500","600","700","900"]},"Noto Serif TC":{"variants":["200","300","regular","500","600","700","900"]},"Nova Cut":{"variants":["regular"]},"Nova Flat":{"variants":["regular"]},"Nova Mono":{"variants":["regular"]},"Nova Oval":{"variants":["regular"]},"Nova Round":{"variants":["regular"]},"Nova Script":{"variants":["regular"]},"Nova Slim":{"variants":["regular"]},"Nova Square":{"variants":["regular"]},"Numans":{"variants":["regular"]},"Nunito":{"variants":["200","200italic","300","300italic","regular","italic","600","600italic","700","700italic","800","800italic","900","900italic"]},"Nunito Sans":{"variants":["200","200italic","300","300italic","regular","italic","600","600italic","700","700italic","800","800italic","900","900italic"]},"Odibee Sans":{"variants":["regular"]},"Odor Mean Chey":{"variants":["regular"]},"Offside":{"variants":["regular"]},"Old Standard TT":{"variants":["regular","italic","700"]},"Oldenburg":{"variants":["regular"]},"Oleo Script":{"variants":["regular","700"]},"Oleo Script Swash Caps":{"variants":["regular","700"]},"Open Sans":{"variants":["300","300italic","regular","italic","600","600italic","700","700italic","800","800italic"]},"Open Sans Condensed":{"variants":["300","300italic","700"]},"Oranienbaum":{"variants":["regular"]},"Orbitron":{"variants":["regular","500","600","700","800","900"]},"Oregano":{"variants":["regular","italic"]},"Orienta":{"variants":["regular"]},"Original Surfer":{"variants":["regular"]},"Oswald":{"variants":["200","300","regular","500","600","700"]},"Over the Rainbow":{"variants":["regular"]},"Overlock":{"variants":["regular","italic","700","700italic","900","900italic"]},"Overlock SC":{"variants":["regular"]},"Overpass":{"variants":["100","100italic","200","200italic","300","300italic","regular","italic","600","600italic","700","700italic","800","800italic","900","900italic"]},"Overpass Mono":{"variants":["300","regular","600","700"]},"Ovo":{"variants":["regular"]},"Oxygen":{"variants":["300","regular","700"]},"Oxygen Mono":{"variants":["regular"]},"PT Mono":{"variants":["regular"]},"PT Sans":{"variants":["regular","italic","700","700italic"]},"PT Sans Caption":{"variants":["regular","700"]},"PT Sans Narrow":{"variants":["regular","700"]},"PT Serif":{"variants":["regular","italic","700","700italic"]},"PT Serif Caption":{"variants":["regular","italic"]},"Pacifico":{"variants":["regular"]},"Padauk":{"variants":["regular","700"]},"Palanquin":{"variants":["100","200","300","regular","500","600","700"]},"Palanquin Dark":{"variants":["regular","500","600","700"]},"Pangolin":{"variants":["regular"]},"Paprika":{"variants":["regular"]},"Parisienne":{"variants":["regular"]},"Passero One":{"variants":["regular"]},"Passion One":{"variants":["regular","700","900"]},"Pathway Gothic One":{"variants":["regular"]},"Patrick Hand":{"variants":["regular"]},"Patrick Hand SC":{"variants":["regular"]},"Pattaya":{"variants":["regular"]},"Patua One":{"variants":["regular"]},"Pavanam":{"variants":["regular"]},"Paytone One":{"variants":["regular"]},"Peddana":{"variants":["regular"]},"Peralta":{"variants":["regular"]},"Permanent Marker":{"variants":["regular"]},"Petit Formal Script":{"variants":["regular"]},"Petrona":{"variants":["regular"]},"Philosopher":{"variants":["regular","italic","700","700italic"]},"Piedra":{"variants":["regular"]},"Pinyon Script":{"variants":["regular"]},"Pirata One":{"variants":["regular"]},"Plaster":{"variants":["regular"]},"Play":{"variants":["regular","700"]},"Playball":{"variants":["regular"]},"Playfair Display":{"variants":["regular","italic","700","700italic","900","900italic"]},"Playfair Display SC":{"variants":["regular","italic","700","700italic","900","900italic"]},"Podkova":{"variants":["regular","500","600","700","800"]},"Poiret One":{"variants":["regular"]},"Poller One":{"variants":["regular"]},"Poly":{"variants":["regular","italic"]},"Pompiere":{"variants":["regular"]},"Pontano Sans":{"variants":["regular"]},"Poor Story":{"variants":["regular"]},"Poppins":{"variants":["100","100italic","200","200italic","300","300italic","regular","italic","500","500italic","600","600italic","700","700italic","800","800italic","900","900italic"]},"Port Lligat Sans":{"variants":["regular"]},"Port Lligat Slab":{"variants":["regular"]},"Pragati Narrow":{"variants":["regular","700"]},"Prata":{"variants":["regular"]},"Preahvihear":{"variants":["regular"]},"Press Start 2P":{"variants":["regular"]},"Pridi":{"variants":["200","300","regular","500","600","700"]},"Princess Sofia":{"variants":["regular"]},"Prociono":{"variants":["regular"]},"Prompt":{"variants":["100","100italic","200","200italic","300","300italic","regular","italic","500","500italic","600","600italic","700","700italic","800","800italic","900","900italic"]},"Prosto One":{"variants":["regular"]},"Proza Libre":{"variants":["regular","italic","500","500italic","600","600italic","700","700italic","800","800italic"]},"Public Sans":{"variants":["100","200","300","regular","500","600","700","800","900","100italic","200italic","300italic","italic","500italic","600italic","700italic","800italic","900italic"]},"Puritan":{"variants":["regular","italic","700","700italic"]},"Purple Purse":{"variants":["regular"]},"Quando":{"variants":["regular"]},"Quantico":{"variants":["regular","italic","700","700italic"]},"Quattrocento":{"variants":["regular","700"]},"Quattrocento Sans":{"variants":["regular","italic","700","700italic"]},"Questrial":{"variants":["regular"]},"Quicksand":{"variants":["300","regular","500","600","700"]},"Quintessential":{"variants":["regular"]},"Qwigley":{"variants":["regular"]},"Racing Sans One":{"variants":["regular"]},"Radley":{"variants":["regular","italic"]},"Rajdhani":{"variants":["300","regular","500","600","700"]},"Rakkas":{"variants":["regular"]},"Raleway":{"variants":["100","100italic","200","200italic","300","300italic","regular","italic","500","500italic","600","600italic","700","700italic","800","800italic","900","900italic"]},"Raleway Dots":{"variants":["regular"]},"Ramabhadra":{"variants":["regular"]},"Ramaraja":{"variants":["regular"]},"Rambla":{"variants":["regular","italic","700","700italic"]},"Rammetto One":{"variants":["regular"]},"Ranchers":{"variants":["regular"]},"Rancho":{"variants":["regular"]},"Ranga":{"variants":["regular","700"]},"Rasa":{"variants":["300","regular","500","600","700"]},"Rationale":{"variants":["regular"]},"Ravi Prakash":{"variants":["regular"]},"Red Hat Display":{"variants":["regular","italic","500","500italic","700","700italic","900","900italic"]},"Red Hat Text":{"variants":["regular","italic","500","500italic","700","700italic"]},"Redressed":{"variants":["regular"]},"Reem Kufi":{"variants":["regular"]},"Reenie Beanie":{"variants":["regular"]},"Revalia":{"variants":["regular"]},"Rhodium Libre":{"variants":["regular"]},"Ribeye":{"variants":["regular"]},"Ribeye Marrow":{"variants":["regular"]},"Righteous":{"variants":["regular"]},"Risque":{"variants":["regular"]},"Roboto":{"variants":["100","100italic","300","300italic","regular","italic","500","500italic","700","700italic","900","900italic"]},"Roboto Condensed":{"variants":["300","300italic","regular","italic","700","700italic"]},"Roboto Mono":{"variants":["100","100italic","300","300italic","regular","italic","500","500italic","700","700italic"]},"Roboto Slab":{"variants":["100","200","300","regular","500","600","700","800","900"]},"Rochester":{"variants":["regular"]},"Rock Salt":{"variants":["regular"]},"Rokkitt":{"variants":["100","200","300","regular","500","600","700","800","900"]},"Romanesco":{"variants":["regular"]},"Ropa Sans":{"variants":["regular","italic"]},"Rosario":{"variants":["300","regular","500","600","700","300italic","italic","500italic","600italic","700italic"]},"Rosarivo":{"variants":["regular","italic"]},"Rouge Script":{"variants":["regular"]},"Rozha One":{"variants":["regular"]},"Rubik":{"variants":["300","300italic","regular","italic","500","500italic","700","700italic","900","900italic"]},"Rubik Mono One":{"variants":["regular"]},"Ruda":{"variants":["regular","700","900"]},"Rufina":{"variants":["regular","700"]},"Ruge Boogie":{"variants":["regular"]},"Ruluko":{"variants":["regular"]},"Rum Raisin":{"variants":["regular"]},"Ruslan Display":{"variants":["regular"]},"Russo One":{"variants":["regular"]},"Ruthie":{"variants":["regular"]},"Rye":{"variants":["regular"]},"Sacramento":{"variants":["regular"]},"Sahitya":{"variants":["regular","700"]},"Sail":{"variants":["regular"]},"Saira":{"variants":["100","200","300","regular","500","600","700","800","900"]},"Saira Condensed":{"variants":["100","200","300","regular","500","600","700","800","900"]},"Saira Extra Condensed":{"variants":["100","200","300","regular","500","600","700","800","900"]},"Saira Semi Condensed":{"variants":["100","200","300","regular","500","600","700","800","900"]},"Saira Stencil One":{"variants":["regular"]},"Salsa":{"variants":["regular"]},"Sanchez":{"variants":["regular","italic"]},"Sancreek":{"variants":["regular"]},"Sansita":{"variants":["regular","italic","700","700italic","800","800italic","900","900italic"]},"Sarabun":{"variants":["100","100italic","200","200italic","300","300italic","regular","italic","500","500italic","600","600italic","700","700italic","800","800italic"]},"Sarala":{"variants":["regular","700"]},"Sarina":{"variants":["regular"]},"Sarpanch":{"variants":["regular","500","600","700","800","900"]},"Satisfy":{"variants":["regular"]},"Sawarabi Gothic":{"variants":["regular"]},"Sawarabi Mincho":{"variants":["regular"]},"Scada":{"variants":["regular","italic","700","700italic"]},"Scheherazade":{"variants":["regular","700"]},"Schoolbell":{"variants":["regular"]},"Scope One":{"variants":["regular"]},"Seaweed Script":{"variants":["regular"]},"Secular One":{"variants":["regular"]},"Sedgwick Ave":{"variants":["regular"]},"Sedgwick Ave Display":{"variants":["regular"]},"Sevillana":{"variants":["regular"]},"Seymour One":{"variants":["regular"]},"Shadows Into Light":{"variants":["regular"]},"Shadows Into Light Two":{"variants":["regular"]},"Shanti":{"variants":["regular"]},"Share":{"variants":["regular","italic","700","700italic"]},"Share Tech":{"variants":["regular"]},"Share Tech Mono":{"variants":["regular"]},"Shojumaru":{"variants":["regular"]},"Short Stack":{"variants":["regular"]},"Shrikhand":{"variants":["regular"]},"Siemreap":{"variants":["regular"]},"Sigmar One":{"variants":["regular"]},"Signika":{"variants":["300","regular","600","700"]},"Signika Negative":{"variants":["300","regular","600","700"]},"Simonetta":{"variants":["regular","italic","900","900italic"]},"Single Day":{"variants":["regular"]},"Sintony":{"variants":["regular","700"]},"Sirin Stencil":{"variants":["regular"]},"Six Caps":{"variants":["regular"]},"Skranji":{"variants":["regular","700"]},"Slabo 13px":{"variants":["regular"]},"Slabo 27px":{"variants":["regular"]},"Slackey":{"variants":["regular"]},"Smokum":{"variants":["regular"]},"Smythe":{"variants":["regular"]},"Sniglet":{"variants":["regular","800"]},"Snippet":{"variants":["regular"]},"Snowburst One":{"variants":["regular"]},"Sofadi One":{"variants":["regular"]},"Sofia":{"variants":["regular"]},"Solway":{"variants":["300","regular","500","700","800"]},"Song Myung":{"variants":["regular"]},"Sonsie One":{"variants":["regular"]},"Sorts Mill Goudy":{"variants":["regular","italic"]},"Source Code Pro":{"variants":["200","200italic","300","300italic","regular","italic","500","500italic","600","600italic","700","700italic","900","900italic"]},"Source Sans Pro":{"variants":["200","200italic","300","300italic","regular","italic","600","600italic","700","700italic","900","900italic"]},"Source Serif Pro":{"variants":["regular","600","700"]},"Space Mono":{"variants":["regular","italic","700","700italic"]},"Special Elite":{"variants":["regular"]},"Spectral":{"variants":["200","200italic","300","300italic","regular","italic","500","500italic","600","600italic","700","700italic","800","800italic"]},"Spectral SC":{"variants":["200","200italic","300","300italic","regular","italic","500","500italic","600","600italic","700","700italic","800","800italic"]},"Spicy Rice":{"variants":["regular"]},"Spinnaker":{"variants":["regular"]},"Spirax":{"variants":["regular"]},"Squada One":{"variants":["regular"]},"Sree Krushnadevaraya":{"variants":["regular"]},"Sriracha":{"variants":["regular"]},"Srisakdi":{"variants":["regular","700"]},"Staatliches":{"variants":["regular"]},"Stalemate":{"variants":["regular"]},"Stalinist One":{"variants":["regular"]},"Stardos Stencil":{"variants":["regular","700"]},"Stint Ultra Condensed":{"variants":["regular"]},"Stint Ultra Expanded":{"variants":["regular"]},"Stoke":{"variants":["300","regular"]},"Strait":{"variants":["regular"]},"Stylish":{"variants":["regular"]},"Sue Ellen Francisco":{"variants":["regular"]},"Suez One":{"variants":["regular"]},"Sulphur Point":{"variants":["300","regular","700"]},"Sumana":{"variants":["regular","700"]},"Sunflower":{"variants":["300","500","700"]},"Sunshiney":{"variants":["regular"]},"Supermercado One":{"variants":["regular"]},"Sura":{"variants":["regular","700"]},"Suranna":{"variants":["regular"]},"Suravaram":{"variants":["regular"]},"Suwannaphum":{"variants":["regular"]},"Swanky and Moo Moo":{"variants":["regular"]},"Syncopate":{"variants":["regular","700"]},"Tajawal":{"variants":["200","300","regular","500","700","800","900"]},"Tangerine":{"variants":["regular","700"]},"Taprom":{"variants":["regular"]},"Tauri":{"variants":["regular"]},"Taviraj":{"variants":["100","100italic","200","200italic","300","300italic","regular","italic","500","500italic","600","600italic","700","700italic","800","800italic","900","900italic"]},"Teko":{"variants":["300","regular","500","600","700"]},"Telex":{"variants":["regular"]},"Tenali Ramakrishna":{"variants":["regular"]},"Tenor Sans":{"variants":["regular"]},"Text Me One":{"variants":["regular"]},"Thasadith":{"variants":["regular","italic","700","700italic"]},"The Girl Next Door":{"variants":["regular"]},"Tienne":{"variants":["regular","700","900"]},"Tillana":{"variants":["regular","500","600","700","800"]},"Timmana":{"variants":["regular"]},"Tinos":{"variants":["regular","italic","700","700italic"]},"Titan One":{"variants":["regular"]},"Titillium Web":{"variants":["200","200italic","300","300italic","regular","italic","600","600italic","700","700italic","900"]},"Tomorrow":{"variants":["100","100italic","200","200italic","300","300italic","regular","italic","500","500italic","600","600italic","700","700italic","800","800italic","900","900italic"]},"Trade Winds":{"variants":["regular"]},"Trirong":{"variants":["100","100italic","200","200italic","300","300italic","regular","italic","500","500italic","600","600italic","700","700italic","800","800italic","900","900italic"]},"Trocchi":{"variants":["regular"]},"Trochut":{"variants":["regular","italic","700"]},"Trykker":{"variants":["regular"]},"Tulpen One":{"variants":["regular"]},"Turret Road":{"variants":["200","300","regular","500","700","800"]},"Ubuntu":{"variants":["300","300italic","regular","italic","500","500italic","700","700italic"]},"Ubuntu Condensed":{"variants":["regular"]},"Ubuntu Mono":{"variants":["regular","italic","700","700italic"]},"Ultra":{"variants":["regular"]},"Uncial Antiqua":{"variants":["regular"]},"Underdog":{"variants":["regular"]},"Unica One":{"variants":["regular"]},"UnifrakturCook":{"variants":["700"]},"UnifrakturMaguntia":{"variants":["regular"]},"Unkempt":{"variants":["regular","700"]},"Unlock":{"variants":["regular"]},"Unna":{"variants":["regular","italic","700","700italic"]},"VT323":{"variants":["regular"]},"Vampiro One":{"variants":["regular"]},"Varela":{"variants":["regular"]},"Varela Round":{"variants":["regular"]},"Vast Shadow":{"variants":["regular"]},"Vesper Libre":{"variants":["regular","500","700","900"]},"Vibes":{"variants":["regular"]},"Vibur":{"variants":["regular"]},"Vidaloka":{"variants":["regular"]},"Viga":{"variants":["regular"]},"Voces":{"variants":["regular"]},"Volkhov":{"variants":["regular","italic","700","700italic"]},"Vollkorn":{"variants":["regular","italic","600","600italic","700","700italic","900","900italic"]},"Vollkorn SC":{"variants":["regular","600","700","900"]},"Voltaire":{"variants":["regular"]},"Waiting for the Sunrise":{"variants":["regular"]},"Wallpoet":{"variants":["regular"]},"Walter Turncoat":{"variants":["regular"]},"Warnes":{"variants":["regular"]},"Wellfleet":{"variants":["regular"]},"Wendy One":{"variants":["regular"]},"Wire One":{"variants":["regular"]},"Work Sans":{"variants":["100","200","300","regular","500","600","700","800","900"]},"Yanone Kaffeesatz":{"variants":["200","300","regular","500","600","700"]},"Yantramanav":{"variants":["100","300","regular","500","700","900"]},"Yatra One":{"variants":["regular"]},"Yellowtail":{"variants":["regular"]},"Yeon Sung":{"variants":["regular"]},"Yeseva One":{"variants":["regular"]},"Yesteryear":{"variants":["regular"]},"Yrsa":{"variants":["300","regular","500","600","700"]},"ZCOOL KuaiLe":{"variants":["regular"]},"ZCOOL QingKe HuangYou":{"variants":["regular"]},"ZCOOL XiaoWei":{"variants":["regular"]},"Zeyada":{"variants":["regular"]},"Zhi Mang Xing":{"variants":["regular"]},"Zilla Slab":{"variants":["300","300italic","regular","italic","500","500italic","600","600italic","700","700italic"]},"Zilla Slab Highlight":{"variants":["regular","700"]}}